enabled,slug,title,category,date,excerpt,focus_keyword,district,price_hint,cta_phone,cta_telegram,target_dir,priority,changefreq
1,novostroyki-tsao-moskva-2026,Новостройки ЦАО Москвы в 2026: как выбрать проект без переплаты,Районы,2026-04-28,Сравниваем локации ЦАО по бюджету входа и транспортным сценариям без лишних рисков.,новостройки ЦАО Москва,ЦАО Москвы,от 18 млн ₽,+79857614885,@AlexSavushkin,seo,0.78,weekly
1,novostroyki-vao-moskva-2026,Новостройки ВАО Москвы: районы и сценарии покупки в 2026,Районы,2026-04-28,Разбор сильных локаций ВАО и практический чеклист перед бронью квартиры.,новостройки ВАО Москва,ВАО Москвы,от 9 млн ₽,+79857614885,@AlexSavushkin,seo,0.76,weekly
1,novostroyki-yuzao-moskva-2026,Новостройки ЮЗАО Москвы: где выше ликвидность и комфорт для семьи,Районы,2026-04-28,Показываем как сравнивать проекты ЮЗАО по транспорту и инфраструктуре.,новостройки ЮЗАО Москва,ЮЗАО Москвы,от 11 млн ₽,+79857614885,@AlexSavushkin,seo,0.76,weekly
1,novostroyki-zao-biznes-class-2026,Новостройки ЗАО бизнес-класса: что проверять перед покупкой в 2026,ЖК,2026-04-28,Критерии выбора бизнес-класса в ЗАО и ключевые сигналы перед сделкой.,новостройки ЗАО бизнес-класс,ЗАО Москвы,от 14 млн ₽,+79857614885,@AlexSavushkin,seo,0.76,weekly
1,starty-prodazh-moskva-mai-2026,Старты продаж новостроек Москвы: май 2026 и вход на ранней стадии,Покупка,2026-04-28,Пошаговый сценарий входа на старте продаж с расчетом рисков.,старты продаж Москва 2026,Москва и МО,от 8 млн ₽,+79857614885,@AlexSavushkin,seo,0.77,weekly
1,kak-vybrat-novostroyku-dlya-semi-moskva,Как выбрать новостройку для семьи в Москве: 7 ключевых параметров,Покупка,2026-04-28,Семейный сценарий покупки: планировка школа логистика и бюджет владения.,новостройки для семьи Москва,Москва и МО,от 10 млн ₽,+79857614885,@AlexSavushkin,seo,0.75,weekly
1,novostroyki-u-metro-sovremennye-trendy-2026,Новостройки у метро в Москве: как оценить реальную транспортную доступность,Покупка,2026-04-28,Чеклист оценки маршрутов и времени в пути до покупки квартиры у метро.,новостройки у метро Москва,Москва и МО,от 9.5 млн ₽,+79857614885,@AlexSavushkin,seo,0.75,weekly
1,semeynaya-ipoteka-moskva-usloviya-2026,Семейная ипотека в Москве в 2026: условия лимиты и частые ошибки,Ипотека,2026-04-28,Практическое руководство по семейной ипотеке и снижению платежа.,семейная ипотека Москва 2026,Москва и МО,от 7 млн ₽,+79857614885,@AlexSavushkin,seo,0.78,weekly
1,it-ipoteka-moskva-kalkulyator-scenariy,IT-ипотека в Москве: кому подходит и как считать реальный платеж,Ипотека,2026-04-28,Сравнение IT-ипотеки с альтернативами для разных уровней дохода.,IT ипотека Москва,Москва и МО,от 8 млн ₽,+79857614885,@AlexSavushkin,seo,0.76,weekly
1,ipoteka-bez-pervonachalnogo-vznosa-moskva,Ипотека без первоначального взноса: риски и рабочие альтернативы,Ипотека,2026-04-28,Разбираем как не перегрузить бюджет при минимальном входе в сделку.,ипотека без первоначального взноса Москва,Москва и МО,от 6.5 млн ₽,+79857614885,@AlexSavushkin,seo,0.75,weekly
1,investicii-v-novostroyki-moskva-2026,Инвестиции в новостройки Москвы в 2026: как выбрать ликвидный лот,Инвестиции,2026-04-28,Методика отбора лотов для перепродажи и аренды с оценкой рисков выхода.,инвестиции в новостройки Москвы,Москва и МО,от 8.8 млн ₽,+79857614885,@AlexSavushkin,seo,0.78,weekly
1,kak-ocenit-likvidnost-novostroyki-moskva,Как оценить ликвидность новостройки перед покупкой в Москве и МО,Инвестиции,2026-04-28,Проверяем ликвидность проекта по десяти параметрам до внесения аванса.,ликвидность новостройки Москва,Москва и МО,от 9 млн ₽,+79857614885,@AlexSavushkin,seo,0.76,weekly
1,novostroyki-dlya-sdachi-v-arendu-moskva,Новостройки для сдачи в аренду в Москве: какие форматы работают лучше,Инвестиции,2026-04-28,Сравниваем студии и 1-комнатные форматы по спросу и доходности.,новостройки для аренды Москва,Москва и МО,от 8.3 млн ₽,+79857614885,@AlexSavushkin,seo,0.75,weekly
1,reiting-zastroyschikov-moskva-2026,Рейтинг застройщиков Москвы и МО 2026: как читать цифры без маркетинга,Застройщики,2026-04-28,Критерии оценки девелопера: сроки качество продукта и темпы реализации.,рейтинг застройщиков Москвы 2026,Москва и МО,от 8 млн ₽,+79857614885,@AlexSavushkin,seo,0.77,weekly
1,kak-proveryat-zastroyschika-pered-sdelkoy,Как проверить застройщика перед покупкой новостройки: чеклист 2026,Застройщики,2026-04-28,Юридический и финансовый чеклист проверки девелопера до брони.,проверка застройщика перед покупкой,Москва и МО,от 7.9 млн ₽,+79857614885,@AlexSavushkin,seo,0.76,weekly
1,ddu-chto-proverit-pered-podpisaniem,ДДУ: что проверить перед подписанием чтобы не потерять деньги,Юридическое,2026-04-28,Пошаговая проверка договора долевого участия и критичных пунктов сделки.,что проверить в ДДУ,Москва и МО,от 8 млн ₽,+79857614885,@AlexSavushkin,seo,0.78,weekly
1,pereustupka-prav-v-novostroyke-moskva,Переуступка в новостройке Москвы: как провести сделку безопасно,Юридическое,2026-04-28,Юридические риски и рабочий алгоритм покупки по переуступке.,переуступка новостройки Москва,Москва и МО,от 8.4 млн ₽,+79857614885,@AlexSavushkin,seo,0.75,weekly
1,guide-checklist-pokupki-novostroyki-2026,Гайд: полный чеклист покупки новостройки в Москве и МО в 2026,Гайды,2026-04-28,Универсальный план действий от выбора проекта до регистрации сделки.,чеклист покупки новостройки,Москва и МО,от 7.8 млн ₽,+79857614885,@AlexSavushkin,seo,0.78,weekly
1,guide-kak-sravnivat-zhk-v-odnom-byudzhete,Гайд: как сравнивать ЖК в одном бюджете и не ошибиться с выбором,Гайды,2026-04-28,Практическая таблица сравнения проектов по цене и локации и рискам.,как сравнивать ЖК,Москва и МО,от 8 млн ₽,+79857614885,@AlexSavushkin,seo,0.75,weekly
1,analitika-cen-novostroyki-moskva-mo-2026,Аналитика цен на новостройки Москвы и МО: тренды 2026,Аналитика,2026-04-28,Разбор ценовой динамики по сегментам и локациям с практическими выводами.,аналитика цен новостройки Москва,Москва и МО,от 8.2 млн ₽,+79857614885,@AlexSavushkin,seo,0.79,weekly
