Группа;Тип объявления;Заголовок 1;Заголовок 2;Заголовок 3;Текст;Отображаемая ссылка;Ссылка;Регион;Ключевые фразы;Минус-слова
Мытищи — Похороны под ключ;Текстово-графическое;Ритуальные услуги в Мытищах за 30 мин;Похороны под ключ от 68 500 ₽;Городской Ритуал — с 2014 года;Полная организация похорон в Мытищах. Выезд ритуального агента бесплатно за 35 мин. Фиксированная цена в договоре, никаких доплат. Документы — берём на себя. Звоните 24/7.;mytishchi/uslugi;https://urban-ritual.ru/city/mytishchi/?utm_source=yandex&utm_medium=cpc&utm_campaign=mytishchi_search&utm_content=g1_pokhorony&utm_term={keyword};Мытищи, Мытищинский городской округ;"+ритуальные +услуги +мытищи
+ритуальные +услуги +в +мытищах
+ритуальное +агентство +мытищи
+ритуальное +бюро +мытищи
+ритуальная +служба +мытищи
+организация +похорон +мытищи
+организация +похорон +в +мытищах
+похороны +мытищи
+похороны +в +мытищах
+похороны +под +ключ +мытищи
+заказать +похороны +мытищи
+похоронное +бюро +мытищи
+похоронные +услуги +мытищи
+ритуальный +салон +мытищи
+сколько +стоят +похороны +мытищи
+цена +похорон +мытищи
+стоимость +похорон +мытищи
+ритуальные +услуги +мытищинский +район";"бесплатно
бесплатные
халява
работа
вакансии
устроиться
зарплата
сотрудник
форум
форумы
обсуждение
википедия
вики
фото
фотографии
картинки
видео
клипы
песня
песни
музыка
скачать
торрент
игра
игры
анекдот
шутки
приколы
сон
сонник
к чему снится
толкование снов
приснилось
снится
снятся
гороскоп
сериал
фильм
история
истории
курсовая
реферат
диссертация
самостоятельно
самому
ритуал заговор
ритуал магия
обряд
свадебный
детский
невесте
квартира
снять
купить
продать
аренда
стоматология
парикмахерская
ресторан
школа
детский сад
погода
новости
такси
доставка
авито
циан
юла
порно
эротика
обои на телефон
обои
вакансии
питомец
домашний
животных
собака
кошка"
Мытищи — Похороны под ключ;Текстово-графическое;Ритуальная служба в Мытищах 24/7;Точка-салон у морга Мытищинской ГКБ;Договор и чек, фиксированная цена;Своя точка у Мытищинской ГКБ — агент уже в вашем городе. Бесплатный выезд за 35 минут. Полный пакет: гроб, катафалк, бригада, документы, кладбище. От 68 500 ₽.;mytishchi;https://urban-ritual.ru/city/mytishchi/?utm_source=yandex&utm_medium=cpc&utm_campaign=mytishchi_search&utm_content=g1_pokhorony&utm_term={keyword};Мытищи, Мытищинский городской округ;;
Мытищи — Похороны под ключ;Текстово-графическое;Похороны в Мытищах от 34 900 ₽;Эконом · Стандарт · Премиум — 3 пакета;Под ключ: гроб, катафалк, документы;Соцпохороны от 34 900 ₽, под ключ от 68 500 ₽, премиум от 129 000 ₽. Помощь с пособием на погребение. Звонок бесплатно — расскажем по телефону.;mytishchi/ceny;https://urban-ritual.ru/city/mytishchi/?utm_source=yandex&utm_medium=cpc&utm_campaign=mytishchi_search&utm_content=g1_pokhorony&utm_term={keyword};Мытищи, Мытищинский городской округ;;
Мытищи — Срочный агент 24/7;Текстово-графическое;Срочно ритуальный агент в Мытищах;Приедем за 35 минут — круглосуточно;24/7 · Бесплатно · Без обязательств;Звоните в любое время — агент приедет за 35 минут с каталогом, договором и бланками документов. Поможем дождаться скорой и полиции, оформим всё. Без предоплаты.;mytishchi/agent;https://urban-ritual.ru/city/mytishchi/agent/?utm_source=yandex&utm_medium=cpc&utm_campaign=mytishchi_search&utm_content=g2_agent&utm_term={keyword};Мытищи, Мытищинский городской округ;"+ритуальный +агент +мытищи
+вызов +ритуального +агента +мытищи
+вызвать +ритуального +агента +мытищи
+ритуальный +агент +круглосуточно +мытищи
+ритуальные +услуги +круглосуточно +мытищи
+ритуальные +услуги +24 +часа +мытищи
+ритуальные +услуги +ночью +мытищи
+ритуальное +агентство +24 +часа +мытищи
+выезд +ритуального +агента +мытищи
+похороны +срочно +мытищи
+срочно +ритуальные +услуги +мытищи
+что +делать +если +умер +близкий +мытищи
+что +делать +после +смерти +мытищи
+умер +дома +мытищи +что +делать
+как +организовать +похороны +мытищи
+вызвать +ритуальную +службу +мытищи";
Мытищи — Срочный агент 24/7;Текстово-графическое;Умер близкий в Мытищах — что делать?;Поможем с первых минут — звоните 24/7;Документы, морг, кладбище — берём на себя;В первые часы трудно сосредоточиться. Позвоните — агент приедет за 35 мин, объяснит порядок действий, организует перевозку в морг, оформит документы в ЗАГСе.;mytishchi/agent;https://urban-ritual.ru/city/mytishchi/agent/?utm_source=yandex&utm_medium=cpc&utm_campaign=mytishchi_search&utm_content=g2_agent&utm_term={keyword};Мытищи, Мытищинский городской округ;;
Мытищи — Срочный агент 24/7;Текстово-графическое;Вызов ритуального агента в Мытищах;Бесплатный выезд за 35 минут 24/7;Без предоплаты, без обязательств;Своя точка-салон у Мытищинской ГКБ. Агент уже в Мытищах — приезжает не из Москвы. Полное сопровождение от первого звонка до благоустройства могилы.;mytishchi/agent;https://urban-ritual.ru/city/mytishchi/agent/?utm_source=yandex&utm_medium=cpc&utm_campaign=mytishchi_search&utm_content=g2_agent&utm_term={keyword};Мытищи, Мытищинский городской округ;;
Мытищи — Кремация;Текстово-графическое;Кремация в Мытищах от 34 900 ₽;Полное сопровождение — крематорий Носовиха;Документы, гроб, урна — всё под ключ;Организация кремации в Мытищах под ключ. Доставка в крематорий Носовиха или Митино, гроб для кремации, урна, документы. Помощь с подзахоронением урны. 24/7.;mytishchi/kremaciya;https://urban-ritual.ru/city/mytishchi/kremaciya/?utm_source=yandex&utm_medium=cpc&utm_campaign=mytishchi_search&utm_content=g3_kremaciya&utm_term={keyword};Мытищи, Мытищинский городской округ;"+кремация +мытищи
+кремация +в +мытищах
+заказать +кремацию +мытищи
+организация +кремации +мытищи
+стоимость +кремации +мытищи
+цена +кремации +мытищи
+кремация +под +ключ +мытищи
+крематорий +мытищи
+крематорий +рядом +мытищи
+крематорий +носовиха +мытищи
+ритуальное +агентство +кремация +мытищи
+кремация +без +церемонии +мытищи
+сколько +стоит +кремация +мытищи
+урна +с +прахом +мытищи";
Мытищи — Кремация;Текстово-графическое;Заказать кремацию в Мытищах;От 34 900 ₽ — без скрытых доплат;Городской Ритуал — с 2014 года;Полная организация кремации: оформление документов, гроб, доставка в крематорий, урна, помощь с захоронением праха. Договор и чек. Звоните — ответим за минуту.;mytishchi/kremaciya;https://urban-ritual.ru/city/mytishchi/kremaciya/?utm_source=yandex&utm_medium=cpc&utm_campaign=mytishchi_search&utm_content=g3_kremaciya&utm_term={keyword};Мытищи, Мытищинский городской округ;;
Мытищи — Кремация;Текстово-графическое;Кремация под ключ в Мытищах 24/7;Крематорий Носовиха · Митино;Срок выдачи урны 3-14 дней;Полное сопровождение кремации: согласование, доставка тела, прощальная церемония, кремация, выдача урны. Помощь с подзахоронением. Звонок 24/7.;mytishchi/kremaciya;https://urban-ritual.ru/city/mytishchi/kremaciya/?utm_source=yandex&utm_medium=cpc&utm_campaign=mytishchi_search&utm_content=g3_kremaciya&utm_term={keyword};Мытищи, Мытищинский городской округ;;
Мытищи — Морг Мытищинской ГКБ;Текстово-графическое;Ритуальный салон у морга Мытищинской ГКБ;Своя точка в шаговой доступности;Выезд агента за 35 мин · круглосуточно;Магазин-салон «Городской Ритуал» рядом с моргом Мытищинской ГКБ. Поможем забрать тело, оформить документы, организовать похороны или кремацию. 24/7.;mytishchi/morg;https://urban-ritual.ru/city/mytishchi/morg/?utm_source=yandex&utm_medium=cpc&utm_campaign=mytishchi_search&utm_content=g4_morg&utm_term={keyword};Мытищи, Мытищинский городской округ;"+морг +мытищинская +гкб
+морг +мытищинской +городской +больницы
+морг +в +мытищах
+мытищинский +морг
+морг +при +больнице +мытищи
+ритуальные +услуги +при +морге +мытищи
+ритуальное +агентство +при +морге +мытищи
+ритуальный +салон +у +морга +мытищи
+забрать +тело +из +морга +мытищи
+выдача +тела +из +морга +мытищи
+оформление +документов +морг +мытищи";
Мытищи — Морг Мытищинской ГКБ;Текстово-графическое;Выдача тела из морга Мытищи;Оформим документы и катафалк;Свой агент у Мытищинской ГКБ;Возьмём на себя выдачу тела, оформление медицинского и гербового свидетельства, перевозку. Полный пакет похоронных услуг под ключ.;mytishchi/morg;https://urban-ritual.ru/city/mytishchi/morg/?utm_source=yandex&utm_medium=cpc&utm_campaign=mytishchi_search&utm_content=g4_morg&utm_term={keyword};Мытищи, Мытищинский городской округ;;
